<?xml version='1.0'?>
<home version='7000' exportFlags='17' camera='observerCamera' wallHeight='243.84'>
  <environment groundColor='00A8A8A8' skyColor='00CCE4FC' lightColor='00D0D0D0' allLevelsVisible='true'/>
  <observerCamera attribute='observerCamera' lens='PINHOLE' x='525.63605' y='-385.0927' z='152.4' yaw='257.62607' pitch='-0.014203253' fieldOfView='1.6929693' time='1665489600000'/>
  <camera attribute='topCamera' lens='PINHOLE' x='-1267.4265' y='977.9084' z='596.02374' yaw='-115.555855' pitch='0.29000023' fieldOfView='1.0995575' time='1665489600000'/>
  <doorOrWindow catalogId='eTeks#door' name='Door' creator='eTeks' model='1' x='353.58844' y='-53.028606' angle='4.712389' width='91.44' depth='38.334003' height='208.28' modelSize='14086' movable='false' cutOutShape='M0,0 v1 h1 v-1 z' wallCutOutOnBothSides='true'/>
  <doorOrWindow catalogId='eTeks#window85x163' name='Window' creator='eTeks' model='3' x='69.58439' y='131.50056' elevation='46.989998' width='91.44' depth='27.000696' height='173.98999' modelSize='8910' movable='false' cutOutShape='M0,0 v1 h1 v-1 z' wallCutOutOnBothSides='true'/>
  <doorOrWindow catalogId='eTeks#window85x163' name='Window' creator='eTeks' model='3' x='-64.90246' y='131.50056' elevation='46.989998' width='91.44' depth='27.000696' height='173.98999' modelSize='8910' movable='false' cutOutShape='M0,0 v1 h1 v-1 z' wallCutOutOnBothSides='true'/>
  <doorOrWindow catalogId='eTeks#window85x163' name='Window' creator='eTeks' model='3' x='-546.2262' y='131.50056' elevation='46.989998' width='91.44' depth='27.000696' height='173.98999' modelSize='8910' movable='false' cutOutShape='M0,0 v1 h1 v-1 z' wallCutOutOnBothSides='true'/>
  <doorOrWindow catalogId='eTeks#window85x163' name='Window' creator='eTeks' model='3' x='-454.7862' y='131.50056' elevation='46.989998' width='91.44' depth='27.000696' height='173.98999' modelSize='8910' movable='false' cutOutShape='M0,0 v1 h1 v-1 z' wallCutOutOnBothSides='true'/>
  <pieceOfFurniture catalogId='eTeks#table' name='Table' creator='eTeks' model='5' x='-433.2309' y='-32.860092' width='226.06' widthInPlan='226.06001' depth='160.02' height='73.9775' modelSize='5486'/>
  <pieceOfFurniture catalogId='eTeks#sofa' name='Sofa' creator='eTeks' model='7' x='2.520883' y='69.74033' angle='3.1415927' width='187.95999' widthInPlan='187.96' depth='96.52' height='86.994995' modelSize='148511'/>
  <pieceOfFurniture catalogId='eTeks#stool' name='Stool' creator='eTeks' model='9' x='-211.73831' y='97.998184' angle='3.1415927' width='40.005' depth='40.005' height='45.72' modelSize='19756'/>
  <light catalogId='eTeks#lamp' name='Lamp' creator='eTeks' model='11' x='-204.03874' y='90.822365' elevation='50.8' angle='3.1415927' width='44.1325' depth='44.1325' height='49.8475' modelSize='21749'/>
  <pieceOfFurniture catalogId='eTeks#armchair' name='Armchair' creator='eTeks' model='13' x='-43.531597' y='-151.55685' width='86.994995' depth='92.075' height='86.994995' modelSize='104093'/>
  <pieceOfFurniture catalogId='eTeks#armchair' name='Armchair' creator='eTeks' model='13' x='-141.93102' y='-151.55685' width='86.994995' depth='92.075' height='86.994995' modelSize='104093'/>
  <pieceOfFurniture catalogId='eTeks#roundTable' name='Round table' creator='eTeks' model='15' x='-12.692699' y='-35.890636' width='88.9' widthInPlan='88.899994' depth='81.28' height='59.69' shininess='0.0' modelSize='8110'>
    <texture name='Wooden floor' creator='eTeks' catalogId='eTeks#woodenFloor' width='42.5' height='42.5' image='16'/>
  </pieceOfFurniture>
  <pieceOfFurniture catalogId='eTeks#chair' name='Chair' creator='eTeks' model='18' x='-501.16095' y='-103.74716' width='40.005' depth='41.91' height='90.17' modelSize='3025'/>
  <pieceOfFurniture catalogId='eTeks#chair' name='Chair' creator='eTeks' model='18' x='-392.62775' y='-103.74716' width='40.005' depth='41.91' height='90.17' modelSize='3025'/>
  <pieceOfFurniture catalogId='eTeks#chair' name='Chair' creator='eTeks' model='18' x='-500.76764' y='39.587776' angle='3.1415927' width='40.005' depth='41.91' height='90.17' modelSize='3025'/>
  <pieceOfFurniture catalogId='eTeks#chair' name='Chair' creator='eTeks' model='18' x='-390.46503' y='38.211315' angle='3.1415927' width='40.005' depth='41.91' height='90.17' modelSize='3025'/>
  <pieceOfFurniture catalogId='eTeks#stool' name='Stool' creator='eTeks' model='9' x='198.91019' y='90.06071' angle='3.1415927' width='50.8' widthInPlan='50.799995' depth='55.879997' height='45.72' heightInPlan='45.720005' modelSize='19756'/>
  <pieceOfFurniture catalogId='eTeks#kitchenCabinet' name='Kitchen cabinet' creator='eTeks' model='20' x='-1026.9572' y='150.6619' angle='4.712389' width='124.46' widthInPlan='124.46001' depth='63.5' height='85.09' modelSize='11366' movable='false'/>
  <pieceOfFurniture catalogId='eTeks#kitchenCabinet' name='Kitchen cabinet' creator='eTeks' model='20' x='-1026.9572' y='59.455948' angle='4.712389' width='59.69' depth='63.5' height='85.09' modelSize='11366' movable='false'/>
  <pieceOfFurniture catalogId='eTeks#kitchenCabinet' name='Kitchen cabinet' creator='eTeks' model='20' x='-1026.9572' y='-116.32388' angle='4.712389' width='59.69' depth='63.5' height='85.09' modelSize='11366' movable='false'/>
  <pieceOfFurniture catalogId='eTeks#kitchenCabinet' name='Kitchen cabinet' creator='eTeks' model='20' x='-1030.7672' y='-190.61908' angle='3.1415927' width='63.5' depth='88.9' depthInPlan='88.90001' height='85.09' modelSize='11366' movable='false'/>
  <pieceOfFurniture catalogId='eTeks#kitchenCabinet' name='Kitchen cabinet' creator='eTeks' model='20' x='-980.5123' y='182.77058' angle='3.1415927' width='154.94' widthInPlan='154.93999' depth='63.5' height='85.09' modelSize='11366' movable='false'/>
  <pieceOfFurniture catalogId='eTeks#sink' name='Sink' creator='eTeks' model='22' x='-843.0348' y='182.77058' angle='3.1415927' width='120.015' depth='63.5' height='106.045' modelSize='41849' movable='false'/>
  <doorOrWindow catalogId='eTeks#door' name='Door' creator='eTeks' model='1' x='-720.82385' y='217.66371' angle='3.1415927' width='91.44' depth='38.334003' height='208.28' modelSize='14086' movable='false' cutOutShape='M0,0 v1 h1 v-1 z' wallCutOutOnBothSides='true'/>
  <pieceOfFurniture catalogId='eTeks#kitchenUpperCabinet' name='Kitchen upper cabinet' creator='eTeks' model='24' x='-1038.7047' y='-191.43864' elevation='145.0975' angle='4.712389' width='60.0075' depth='40.005' height='86.042496' modelSize='11850'/>
  <pieceOfFurniture catalogId='eTeks#kitchenUpperCabinet' name='Kitchen upper cabinet' creator='eTeks' model='24' x='-1038.7047' y='-130.87996' elevation='145.0975' angle='4.712389' width='60.0075' depth='40.005' height='86.042496' modelSize='11850'>
    <material name='white' shininess='0.0'/>
  </pieceOfFurniture>
  <pieceOfFurniture catalogId='eTeks#kitchenUpperCabinet' name='Kitchen upper cabinet' creator='eTeks' model='24' x='-1038.7047' y='-70.872505' elevation='145.0975' angle='4.712389' width='60.0075' depth='40.005' height='86.042496' modelSize='11850'/>
  <pieceOfFurniture catalogId='eTeks#kitchenUpperCabinet' name='Kitchen upper cabinet' creator='eTeks' model='24' x='-1038.7047' y='185.95018' elevation='145.0975' angle='4.712389' width='60.0075' depth='40.005' height='86.042496' modelSize='11850'/>
  <pieceOfFurniture catalogId='eTeks#kitchenUpperCabinet' name='Kitchen upper cabinet' creator='eTeks' model='24' x='-1038.7047' y='125.94268' elevation='145.0975' angle='4.712389' width='60.0075' depth='40.005' height='86.042496' modelSize='11850'/>
  <pieceOfFurniture catalogId='eTeks#kitchenUpperCabinet' name='Kitchen upper cabinet' creator='eTeks' model='24' x='-807.32605' y='194.51808' elevation='145.0975' angle='3.1415927' width='60.0075' depth='40.005' height='86.042496' modelSize='11850'/>
  <pieceOfFurniture catalogId='eTeks#kitchenUpperCabinet' name='Kitchen upper cabinet' creator='eTeks' model='24' x='-867.3335' y='194.51808' elevation='145.0975' angle='3.1415927' width='60.0075' depth='40.005' height='86.042496' modelSize='11850'/>
  <pieceOfFurniture catalogId='eTeks#kitchenUpperCabinet' name='Kitchen upper cabinet' creator='eTeks' model='24' x='-927.34094' y='194.51808' elevation='145.0975' angle='3.1415927' width='60.0075' depth='40.005' height='86.042496' modelSize='11850'/>
  <doorOrWindow catalogId='eTeks#doorFrame' name='Door frame' creator='eTeks' model='26' x='-427.7633' y='-207.46964' angle='3.1415927' width='91.44' depth='25.000698' height='208.28' modelSize='1281' movable='false' cutOutShape='M0,0 v1 h1 v-1 z' wallCutOutOnBothSides='true'/>
  <doorOrWindow catalogId='eTeks#doorFrame' name='Door frame' creator='eTeks' model='26' x='48.055073' y='-207.46964' angle='3.1415927' width='91.44' depth='25.000698' height='208.28' modelSize='1281' movable='false' cutOutShape='M0,0 v1 h1 v-1 z' wallCutOutOnBothSides='true'/>
  <doorOrWindow catalogId='eTeks#doorFrame' name='Door frame' creator='eTeks' model='26' x='-657.1025' y='-33.834446' angle='1.5707964' width='91.44' depth='25.000698' height='208.28' modelSize='1281' movable='false' cutOutShape='M0,0 v1 h1 v-1 z' wallCutOutOnBothSides='true'/>
  <doorOrWindow catalogId='eTeks#doorFrame' name='Door frame' creator='eTeks' model='26' x='19.741837' y='-372.56934' angle='3.1415927' width='91.44' depth='25.000698' height='208.28' modelSize='1281' movable='false' cutOutShape='M0,0 v1 h1 v-1 z' wallCutOutOnBothSides='true'/>
  <doorOrWindow catalogId='eTeks#doorFrame' name='Door frame' creator='eTeks' model='26' x='142.99884' y='-291.58887' angle='1.5707964' width='91.44' depth='25.000698' height='208.28' modelSize='1281' movable='false' cutOutShape='M0,0 v1 h1 v-1 z' wallCutOutOnBothSides='true'/>
  <doorOrWindow catalogId='eTeks#doubleWindow126x163' name='Double window' creator='eTeks' model='28' x='370.38068' y='-579.69916' elevation='46.989998' angle='1.7484555E-7' width='132.08' depth='27.000696' height='173.98999' modelSize='13650' movable='false' cutOutShape='M0,0 v1 h1 v-1 z' wallCutOutOnBothSides='true'/>
  <doorOrWindow catalogId='eTeks#window85x163' name='Window' creator='eTeks' model='3' x='535.61304' y='-371.43124' elevation='46.989998' angle='1.5707964' width='91.44' depth='27.000696' height='173.98999' modelSize='8910' movable='false' cutOutShape='M0,0 v1 h1 v-1 z' wallCutOutOnBothSides='true'/>
  <pieceOfFurniture catalogId='eTeks#desk' name='Desk' creator='eTeks' model='30' x='189.40262' y='-457.06085' angle='4.712389' width='140.0175' depth='67.945' height='77.1525' modelSize='16760'/>
  <doorOrWindow catalogId='eTeks#door' name='Door' creator='eTeks' model='1' x='208.49567' y='-576.6572' angle='1.7484555E-7' width='91.44' depth='38.334003' height='208.28' modelSize='14086' movable='false' cutOutShape='M0,0 v1 h1 v-1 z' wallCutOutOnBothSides='true'/>
  <pieceOfFurniture catalogId='eTeks#laptop' name='Laptop' creator='eTeks' model='32' x='203.88264' y='-477.69733' elevation='81.28' angle='4.712389' width='32.385' depth='35.559998' height='19.05' modelSize='45826'/>
  <doorOrWindow catalogId='eTeks#doorFrame' name='Door frame' creator='eTeks' model='26' x='-657.1024' y='-357.07516' angle='1.5707964' width='91.44' depth='25.000698' height='208.28' modelSize='1281' movable='false' cutOutShape='M0,0 v1 h1 v-1 z' wallCutOutOnBothSides='true'/>
  <pieceOfFurniture catalogId='eTeks#bed' name='Bed' creator='eTeks' model='34' x='-943.49255' y='-421.3171' angle='4.712389' width='175.26' widthInPlan='175.26001' depth='187.95999' height='83.185' modelSize='24868'/>
  <pieceOfFurniture catalogId='eTeks#flatTV' name='Flat TV' creator='eTeks' model='36' x='-743.5559' y='-611.93164' elevation='116.84' angle='1.7484555E-7' width='120.9675' depth='29.845' height='79.375' modelSize='13041'/>
  <pieceOfFurniture catalogId='eTeks#table' name='Table' creator='eTeks' model='5' x='417.1904' y='-407.4513' angle='1.5707964' width='241.3' widthInPlan='241.30003' depth='121.92' height='106.3625' modelSize='5486'/>
  <pieceOfFurniture catalogId='eTeks#toiletUnit' name='Toilet unit' creator='eTeks' model='38' x='-239.84547' y='-257.9194' angle='3.1415927' width='50.8' depth='81.28' height='73.659996' modelSize='125874' movable='false'/>
  <doorOrWindow catalogId='eTeks#doorFrame' name='Door frame' creator='eTeks' model='26' x='-352.73688' y='-310.91586' angle='1.5707964' width='91.44' depth='25.000698' height='208.28' modelSize='1281' movable='false' cutOutShape='M0,0 v1 h1 v-1 z' wallCutOutOnBothSides='true'/>
  <doorOrWindow catalogId='eTeks#doorFrame' name='Door frame' creator='eTeks' model='26' x='-192.23042' y='-292.04047' angle='4.712389' width='91.44' depth='25.000698' height='208.28' modelSize='1281' movable='false' cutOutShape='M0,0 v1 h1 v-1 z' wallCutOutOnBothSides='true'/>
  <pieceOfFurniture catalogId='eTeks#washbasin' name='Washbasin' creator='eTeks' model='40' x='-307.1239' y='-240.77438' angle='3.1415927' width='55.879997' depth='46.989998' height='96.52' modelSize='239991' movable='false'/>
  <pieceOfFurniture catalogId='eTeks#filledBookcase' name='Filled bookcase' creator='eTeks' model='42' x='-490.0157' y='-420.3205' angle='6.283185' width='177.8' depth='35.559998' height='180.02249' modelSize='50961'/>
  <pieceOfFurniture catalogId='eTeks#roundTable' name='Round table' creator='eTeks' model='15' x='-81.084724' y='-574.5421' width='125.729996' depth='125.729996' height='73.659996' modelSize='8110'/>
  <pieceOfFurniture catalogId='eTeks#bedsideTable' name='Bedside table' creator='eTeks' model='44' x='-1039.6571' y='-292.75687' angle='4.712389' width='38.1' depth='38.1' height='49.53' modelSize='2243'/>
  <pieceOfFurniture catalogId='eTeks#frame' name='Frame' creator='eTeks' model='46/frame.obj' x='-953.90625' y='-250.31511' elevation='0.52983093' angle='3.1415927' width='58.42' depth='0.3175' height='154.94' heightInPlan='154.94003' modelSize='3155'/>
  <pieceOfFurniture catalogId='eTeks#washbasinWithCabinet' name='Washbasin with cabinet' creator='eTeks' model='48' x='-605.3172' y='-684.36523' angle='1.7484555E-7' width='83.82' depth='73.659996' depthInPlan='73.66' height='96.52' heightInPlan='96.51999' modelSize='66142' movable='false'/>
  <doorOrWindow catalogId='eTeks#doorFrame' name='Door frame' creator='eTeks' model='26' x='-657.037' y='-533.5005' angle='4.712389' width='91.44' depth='25.000698' height='208.28' modelSize='1281' movable='false' cutOutShape='M0,0 v1 h1 v-1 z' wallCutOutOnBothSides='true'/>
  <pieceOfFurniture name='toiletsUnit' model='50/toiletsUnit.obj' x='-490.42224' y='-686.5441' width='48.26' widthInPlan='48.259995' depth='78.74' height='77.232' modelSize='451531'/>
  <pieceOfFurniture name='mirror' model='52/mirror.obj' x='-588.15204' y='-725.7553' elevation='91.44' angle='1.7484555E-7' width='114.299995' widthInPlan='114.29999' depth='0.3175' height='111.759995' heightInPlan='111.75999' modelSize='7802'/>
  <pieceOfFurniture name='bathmat' model='54/bathmat.obj' x='-604.01514' y='-617.69476' width='76.2' widthInPlan='76.20002' depth='53.34' height='1.421634' modelSize='30248'/>
  <pieceOfFurniture name='clavier' model='56/clavier.obj' x='200.12717' y='-414.74072' elevation='78.74' angle='4.712389' width='48.26' widthInPlan='48.259983' depth='20.32' height='0.226239' modelSize='105243'/>
  <pieceOfFurniture name='cucina' model='58/cucina.obj' x='-1024.4171' y='-28.809053' angle='4.712389' width='116.84' widthInPlan='116.840004' depth='68.58' height='91.44' heightInPlan='91.44001' modelSize='870703'/>
  <pieceOfFurniture name='refrigerator' model='60/refrigerator.obj' x='-723.34' y='-175.51254' width='90.09' depth='95.935' height='172.315' modelSize='352032'/>
  <pieceOfFurniture name='showerHeadAndFaucet' model='62/showerHeadAndFaucet.obj' x='-340.07242' y='-455.98962' elevation='132.08' angle='3.1415927' width='25.4' widthInPlan='25.399998' depth='20.32' height='93.979996' modelSize='487509'/>
  <pieceOfFurniture name='curtain' model='64/curtain.obj' x='-399.35965' y='-591.29407' angle='1.5707964' width='269.24' widthInPlan='269.24002' depth='10.16' height='215.9' heightInPlan='215.90002' modelSize='295962'/>
  <pieceOfFurniture name='bathtub_jet_system' model='66/bathtub_jet_system.obj' x='-337.95242' y='-594.352' angle='1.5707964' width='274.32' depth='116.84' depthInPlan='116.83999' height='0.3175' modelSize='188672'/>
  <pieceOfFurniture name='bathmat' model='54/bathmat.obj' x='-442.53964' y='-574.82153' angle='1.5707964' width='76.2' depth='53.34' height='1.27' modelSize='30248'/>
  <doorOrWindow catalogId='eTeks#doubleWindow126x123' name='Double small window' creator='eTeks' model='68' x='-23.056557' y='-671.13916' elevation='86.994995' angle='1.7484555E-7' width='132.08' depth='27.000696' height='133.985' modelSize='13503' movable='false' cutOutShape='M0,0 v1 h1 v-1 z' wallCutOutOnBothSides='true'/>
  <wall id='wall-7f2375e3-21c1-4699-87c3-5b94bb6f051a' wallAtStart='wall-f0f81804-aff8-4c52-925b-d6b0d784d9a1' wallAtEnd='wall-a70fe487-31a8-48f2-8d7b-f23d5500a41e' xStart='-1068.5497' yStart='224.36314' xEnd='-657.0697' yEnd='224.36314' height='243.84' thickness='19.685' pattern='reversedHatchDown' leftSideShininess='0.25' rightSideShininess='0.25'>
    <texture attribute='leftSideTexture' name='Stone' creator='eTeks' width='64.8' height='40.0' image='71'/>
    <texture attribute='rightSideTexture' name='Stone' creator='eTeks' width='64.8' height='40.0' image='71'/>
  </wall>
  <wall id='wall-a70fe487-31a8-48f2-8d7b-f23d5500a41e' wallAtStart='wall-7f2375e3-21c1-4699-87c3-5b94bb6f051a' wallAtEnd='wall-5677258e-df26-47d3-beda-53de2cebfa60' xStart='-657.0697' yStart='224.36314' xEnd='-657.0697' yEnd='127.8431' height='243.84' thickness='19.685' pattern='reversedHatchDown' leftSideShininess='0.25'>
    <texture attribute='leftSideTexture' name='Stone' creator='eTeks' width='64.8' height='40.0' image='71'/>
    <texture attribute='rightSideTexture' name='Stone' creator='eTeks' width='64.8' height='40.0' image='71'/>
  </wall>
  <wall id='wall-5677258e-df26-47d3-beda-53de2cebfa60' wallAtStart='wall-a70fe487-31a8-48f2-8d7b-f23d5500a41e' wallAtEnd='wall-7e3daf92-3bc4-4d04-b463-eaac88b2675c' xStart='-657.0697' yStart='127.8431' xEnd='349.4451' yEnd='127.8431' height='243.84' thickness='19.685' pattern='reversedHatchDown' leftSideShininess='0.25'>
    <texture attribute='leftSideTexture' name='Stone' creator='eTeks' width='64.8' height='40.0' image='71'/>
    <texture attribute='rightSideTexture' name='Stone' creator='eTeks' width='64.8' height='40.0' image='71'/>
  </wall>
  <wall id='wall-7e3daf92-3bc4-4d04-b463-eaac88b2675c' wallAtStart='wall-5677258e-df26-47d3-beda-53de2cebfa60' wallAtEnd='wall-6a8fe25b-97e4-4d02-b11d-694403f2cf33' xStart='349.4451' yStart='127.8431' xEnd='349.4451' yEnd='-207.4369' height='243.84' thickness='19.685' pattern='reversedHatchDown' leftSideShininess='0.25' rightSideShininess='0.25'>
    <texture attribute='leftSideTexture' name='Stone' creator='eTeks' width='64.8' height='40.0' image='71'/>
    <texture attribute='rightSideTexture' name='Stone' creator='eTeks' width='64.8' height='40.0' image='71'/>
  </wall>
  <wall id='wall-f6338a56-6d98-4dd4-8d3c-fc00aba599e8' wallAtStart='wall-6a8fe25b-97e4-4d02-b11d-694403f2cf33' wallAtEnd='wall-b81cc198-5951-4dc8-8769-1b0cdf310526' xStart='539.27045' yStart='-207.4369' xEnd='539.27045' yEnd='-583.3566' height='243.84' thickness='19.685' pattern='reversedHatchDown' leftSideShininess='0.25' rightSideShininess='0.25'>
    <texture attribute='leftSideTexture' name='Stone' creator='eTeks' width='64.8' height='40.0' image='71'/>
    <texture attribute='rightSideTexture' name='Stone' creator='eTeks' width='64.8' height='40.0' image='71'/>
  </wall>
  <wall id='wall-b81cc198-5951-4dc8-8769-1b0cdf310526' wallAtStart='wall-f6338a56-6d98-4dd4-8d3c-fc00aba599e8' wallAtEnd='wall-56047237-79c4-4882-b7d6-8ba673d974fa' xStart='539.27045' yStart='-583.3566' xEnd='143.03157' yEnd='-583.3566' height='243.84' thickness='19.685' pattern='reversedHatchDown' leftSideShininess='0.25' rightSideShininess='0.25'>
    <texture attribute='leftSideTexture' name='Stone' creator='eTeks' width='64.8' height='40.0' image='71'/>
    <texture attribute='rightSideTexture' name='Stone' creator='eTeks' width='64.8' height='40.0' image='71'/>
  </wall>
  <wall id='wall-56047237-79c4-4882-b7d6-8ba673d974fa' wallAtStart='wall-b81cc198-5951-4dc8-8769-1b0cdf310526' wallAtEnd='wall-86dbae71-4f0e-4e22-a852-4b6f13dbd61e' xStart='143.03157' yStart='-583.3566' xEnd='143.03157' yEnd='-674.79663' height='243.84' thickness='19.685' pattern='reversedHatchDown' leftSideShininess='0.25' rightSideShininess='0.25'>
    <texture attribute='leftSideTexture' name='Stone' creator='eTeks' width='64.8' height='40.0' image='71'/>
    <texture attribute='rightSideTexture' name='Stone' creator='eTeks' width='64.8' height='40.0' image='71'/>
  </wall>
  <wall id='wall-86dbae71-4f0e-4e22-a852-4b6f13dbd61e' wallAtStart='wall-56047237-79c4-4882-b7d6-8ba673d974fa' wallAtEnd='wall-c44fecd0-0f90-402c-ba65-761e3c35f21b' xStart='143.03157' yStart='-674.79663' xEnd='-194.78937' yEnd='-674.79663' height='243.84' thickness='19.685' pattern='reversedHatchDown' leftSideShininess='0.25' rightSideShininess='0.25'>
    <texture attribute='leftSideTexture' name='Stone' creator='eTeks' width='64.8' height='40.0' image='71'/>
    <texture attribute='rightSideTexture' name='Stone' creator='eTeks' width='64.8' height='40.0' image='71'/>
  </wall>
  <wall id='wall-c44fecd0-0f90-402c-ba65-761e3c35f21b' wallAtStart='wall-86dbae71-4f0e-4e22-a852-4b6f13dbd61e' xStart='-194.78937' yStart='-674.79663' xEnd='-194.78937' yEnd='-425.8606' height='243.84' thickness='19.685' pattern='reversedHatchDown' leftSideShininess='0.25' rightSideShininess='0.25'>
    <texture attribute='leftSideTexture' name='Stone' creator='eTeks' width='64.8' height='40.0' image='71'/>
    <texture attribute='rightSideTexture' name='Stone' creator='eTeks' width='64.8' height='40.0' image='71'/>
  </wall>
  <wall id='wall-490f870e-d0b4-4a7f-a669-66fc15f2f580' wallAtEnd='wall-403d7cc4-6e7e-405d-9b7f-c52af8e20f8b' xStart='-268.4497' yStart='-735.7566' xEnd='-657.0697' yEnd='-735.7566' height='243.84' thickness='19.685' pattern='reversedHatchDown' leftSideShininess='0.25' rightSideShininess='0.25'>
    <texture attribute='leftSideTexture' name='Stone' creator='eTeks' width='64.8' height='40.0' image='71'/>
    <texture attribute='rightSideTexture' name='Stone' creator='eTeks' width='64.8' height='40.0' image='71'/>
  </wall>
  <wall id='wall-403d7cc4-6e7e-405d-9b7f-c52af8e20f8b' wallAtStart='wall-490f870e-d0b4-4a7f-a669-66fc15f2f580' wallAtEnd='wall-49e1a1dc-773a-4dc0-885b-bc826f9ce8a1' xStart='-657.0697' yStart='-735.7566' xEnd='-657.0697' yEnd='-636.69666' height='243.84' thickness='19.685' pattern='reversedHatchDown' leftSideShininess='0.25' rightSideShininess='0.25'>
    <texture attribute='leftSideTexture' name='Stone' creator='eTeks' width='64.8' height='40.0' image='71'/>
    <texture attribute='rightSideTexture' name='Stone' creator='eTeks' width='64.8' height='40.0' image='71'/>
  </wall>
  <wall id='wall-49e1a1dc-773a-4dc0-885b-bc826f9ce8a1' wallAtStart='wall-403d7cc4-6e7e-405d-9b7f-c52af8e20f8b' wallAtEnd='wall-ef38f50f-fe3c-49c5-89c4-cebf5aacaeef' xStart='-657.0697' yStart='-636.69666' xEnd='-1068.5497' yEnd='-636.69666' height='243.84' thickness='19.685' pattern='reversedHatchDown' leftSideShininess='0.25'>
    <texture attribute='leftSideTexture' name='Stone' creator='eTeks' width='64.8' height='40.0' image='71'/>
    <texture attribute='rightSideTexture' name='Stone' creator='eTeks' width='64.8' height='40.0' image='71'/>
  </wall>
  <wall id='wall-c0c3989e-5ba9-48bc-bb07-04b764348f68' wallAtEnd='wall-28a282d5-4f8f-40ab-8f69-7a62cc287328' xStart='-194.78937' yStart='-428.41663' xEnd='-194.78937' yEnd='-372.53662' height='243.84' thickness='19.685' pattern='reversedHatchDown' leftSideShininess='0.25' rightSideShininess='0.25'>
    <texture attribute='leftSideTexture' name='Stone' creator='eTeks' width='64.8' height='40.0' image='71'/>
    <texture attribute='rightSideTexture' name='Stone' creator='eTeks' width='64.8' height='40.0' image='71'/>
  </wall>
  <wall id='wall-28a282d5-4f8f-40ab-8f69-7a62cc287328' wallAtStart='wall-c0c3989e-5ba9-48bc-bb07-04b764348f68' wallAtEnd='wall-4232325d-c87d-4454-ab77-d551d882db40' xStart='-194.78937' yStart='-372.53662' xEnd='143.03157' yEnd='-372.53662' height='243.84' thickness='19.685' pattern='reversedHatchDown' leftSideShininess='0.25' rightSideShininess='0.25'>
    <texture attribute='leftSideTexture' name='Stone' creator='eTeks' width='64.8' height='40.0' image='71'/>
    <texture attribute='rightSideTexture' name='Stone' creator='eTeks' width='64.8' height='40.0' image='71'/>
  </wall>
  <wall id='wall-4232325d-c87d-4454-ab77-d551d882db40' wallAtStart='wall-28a282d5-4f8f-40ab-8f69-7a62cc287328' xStart='143.03157' yStart='-372.53662' xEnd='143.03156' yEnd='-583.3566' height='243.84' thickness='19.685' pattern='reversedHatchDown' leftSideShininess='0.25' rightSideShininess='0.25'>
    <texture attribute='leftSideTexture' name='Stone' creator='eTeks' width='64.8' height='40.0' image='71'/>
    <texture attribute='rightSideTexture' name='Stone' creator='eTeks' width='64.8' height='40.0' image='71'/>
  </wall>
  <wall id='wall-98e55a4d-02d4-4e90-9474-ffa39e2e90df' xStart='143.03157' yStart='-372.53662' xEnd='143.03157' yEnd='-207.4369' height='243.84' thickness='19.685' pattern='reversedHatchDown' leftSideShininess='0.25' rightSideShininess='0.25'>
    <texture attribute='leftSideTexture' name='Stone' creator='eTeks' width='64.8' height='40.0' image='71'/>
    <texture attribute='rightSideTexture' name='Stone' creator='eTeks' width='64.8' height='40.0' image='71'/>
  </wall>
  <wall id='wall-e7f3162d-b2b2-4ee2-b198-b869ae77b9f4' xStart='-1068.5497' yStart='-240.31386' xEnd='-657.0697' yEnd='-240.31386' height='243.84' thickness='19.685' pattern='reversedHatchDown' leftSideShininess='0.25' rightSideShininess='0.25'>
    <texture attribute='leftSideTexture' name='Stone' creator='eTeks' width='64.8' height='40.0' image='71'/>
    <texture attribute='rightSideTexture' name='Stone' creator='eTeks' width='64.8' height='40.0' image='71'/>
  </wall>
  <wall id='wall-1c036ca1-f758-41d4-aa45-2b72f9280c4f' xStart='-240.39235' yStart='113.59952' xEnd='-240.39235' yEnd='52.639584' height='121.92' thickness='19.684998' pattern='reversedHatchDown' leftSideShininess='0.25' rightSideShininess='0.25'>
    <texture attribute='leftSideTexture' name='Stone' creator='eTeks' width='64.8' height='40.0' image='71'/>
    <texture attribute='rightSideTexture' name='Stone' creator='eTeks' width='64.8' height='40.0' image='71'/>
  </wall>
  <wall id='wall-c4fe1faa-68f0-4ec3-885a-4627d693100a' xStart='-240.39235' yStart='-207.4369' xEnd='-240.39235' yEnd='-136.3168' height='121.92' thickness='17.779999' pattern='reversedHatchDown' leftSideShininess='0.25' rightSideShininess='0.25'>
    <texture attribute='leftSideTexture' name='Stone' creator='eTeks' width='64.8' height='40.0' image='71'/>
    <texture attribute='rightSideTexture' name='Stone' creator='eTeks' width='64.8' height='40.0' image='71'/>
  </wall>
  <wall id='wall-6a8fe25b-97e4-4d02-b11d-694403f2cf33' wallAtStart='wall-7e3daf92-3bc4-4d04-b463-eaac88b2675c' wallAtEnd='wall-f6338a56-6d98-4dd4-8d3c-fc00aba599e8' xStart='349.4451' yStart='-207.4369' xEnd='539.27045' yEnd='-207.4369' height='243.84' thickness='19.685' pattern='reversedHatchDown' leftSideShininess='0.25' rightSideShininess='0.25'>
    <texture attribute='leftSideTexture' name='Stone' creator='eTeks' width='64.8' height='40.0' image='71'/>
    <texture attribute='rightSideTexture' name='Stone' creator='eTeks' width='64.8' height='40.0' image='71'/>
  </wall>
  <wall id='wall-af1b421e-d72c-464e-a40c-ffbef8661018' xStart='-352.70416' yStart='-207.4369' xEnd='-352.70416' yEnd='-426.67224' height='243.84' thickness='19.685' pattern='reversedHatchDown' leftSideShininess='0.25' rightSideShininess='0.25'>
    <texture attribute='leftSideTexture' name='Stone' creator='eTeks' width='64.8' height='40.0' image='71'/>
    <texture attribute='rightSideTexture' name='Stone' creator='eTeks' width='64.8' height='40.0' image='71'/>
  </wall>
  <wall id='wall-7234d268-16a4-462e-a53b-8b7a33d1271d' xStart='-192.2631' yStart='-202.7181' xEnd='-192.2631' yEnd='-365.45837' height='243.84' thickness='19.685' pattern='reversedHatchDown' leftSideShininess='0.25' rightSideShininess='0.25'>
    <texture attribute='leftSideTexture' name='Stone' creator='eTeks' width='64.8' height='40.0' image='71'/>
    <texture attribute='rightSideTexture' name='Stone' creator='eTeks' width='64.8' height='40.0' image='71'/>
  </wall>
  <wall id='wall-2a06984f-3552-4ec7-a59e-4daaf12f479a' wallAtStart='wall-7983e8d0-9bcb-4623-b9e9-6bb133d897ef' xStart='143.03157' yStart='-207.4369' xEnd='338.59537' yEnd='-207.4369' height='243.84' thickness='19.685' pattern='reversedHatchDown' leftSideShininess='0.25' rightSideShininess='0.25'>
    <texture attribute='leftSideTexture' name='Stone' creator='eTeks' width='64.8' height='40.0' image='71'/>
    <texture attribute='rightSideTexture' name='Stone' creator='eTeks' width='64.8' height='40.0' image='71'/>
  </wall>
  <wall id='wall-ef38f50f-fe3c-49c5-89c4-cebf5aacaeef' wallAtStart='wall-49e1a1dc-773a-4dc0-885b-bc826f9ce8a1' wallAtEnd='wall-f0f81804-aff8-4c52-925b-d6b0d784d9a1' xStart='-1068.5497' yStart='-636.69666' xEnd='-1068.5497' yEnd='-240.31386' height='243.84' thickness='19.685' pattern='reversedHatchDown' leftSideShininess='0.25' rightSideShininess='0.25'>
    <texture attribute='leftSideTexture' name='Stone' creator='eTeks' width='64.8' height='40.0' image='71'/>
    <texture attribute='rightSideTexture' name='Stone' creator='eTeks' width='64.8' height='40.0' image='71'/>
  </wall>
  <wall id='wall-f0f81804-aff8-4c52-925b-d6b0d784d9a1' wallAtStart='wall-ef38f50f-fe3c-49c5-89c4-cebf5aacaeef' wallAtEnd='wall-7f2375e3-21c1-4699-87c3-5b94bb6f051a' xStart='-1068.5497' yStart='-240.31386' xEnd='-1068.5497' yEnd='224.36314' height='243.84' thickness='19.685' pattern='reversedHatchDown' leftSideShininess='0.25' rightSideShininess='0.25'>
    <texture attribute='leftSideTexture' name='Stone' creator='eTeks' width='64.8' height='40.0' image='71'/>
    <texture attribute='rightSideTexture' name='Stone' creator='eTeks' width='64.8' height='40.0' image='71'/>
  </wall>
  <wall id='wall-633ad8a8-bd1c-41d5-8c9d-8ee31c5afc6b' wallAtStart='wall-318c5eb7-cb87-4c21-b920-5982aec0e59c' wallAtEnd='wall-7aaf4e3e-cd4d-4613-be46-018fd3c78f17' xStart='-657.0697' yStart='-240.31386' xEnd='-657.0697' yEnd='-207.4369' height='243.84' thickness='19.685' pattern='reversedHatchDown' leftSideShininess='0.25' rightSideShininess='0.25'>
    <texture attribute='leftSideTexture' name='Stone' creator='eTeks' width='64.8' height='40.0' image='71'/>
    <texture attribute='rightSideTexture' name='Stone' creator='eTeks' width='64.8' height='40.0' image='71'/>
  </wall>
  <wall id='wall-7aaf4e3e-cd4d-4613-be46-018fd3c78f17' wallAtStart='wall-633ad8a8-bd1c-41d5-8c9d-8ee31c5afc6b' xStart='-657.0697' yStart='-207.4369' xEnd='-657.06976' yEnd='127.8431' height='243.84' thickness='19.685' pattern='reversedHatchDown' leftSideShininess='0.25' rightSideShininess='0.25'>
    <texture attribute='leftSideTexture' name='Stone' creator='eTeks' width='64.8' height='40.0' image='71'/>
    <texture attribute='rightSideTexture' name='Stone' creator='eTeks' width='64.8' height='40.0' image='71'/>
  </wall>
  <wall id='wall-ddd24eec-12be-4e25-b4a6-1d5375b3dba2' wallAtEnd='wall-3fb42588-7c3f-4ae7-ac27-bc574c34d0a4' xStart='-659.62573' yStart='-207.4369' xEnd='-352.70416' yEnd='-207.4369' height='243.84' thickness='19.685' pattern='reversedHatchDown' leftSideShininess='0.25' rightSideShininess='0.25'>
    <texture attribute='leftSideTexture' name='Stone' creator='eTeks' width='64.8' height='40.0' image='71'/>
    <texture attribute='rightSideTexture' name='Stone' creator='eTeks' width='64.8' height='40.0' image='71'/>
  </wall>
  <wall id='wall-3fb42588-7c3f-4ae7-ac27-bc574c34d0a4' wallAtStart='wall-ddd24eec-12be-4e25-b4a6-1d5375b3dba2' wallAtEnd='wall-2f8ee5aa-5227-45a5-84b4-202179327010' xStart='-352.70416' yStart='-207.4369' xEnd='-240.39235' yEnd='-207.4369' height='243.84' thickness='19.685' pattern='reversedHatchDown' leftSideShininess='0.25' rightSideShininess='0.25'>
    <texture attribute='leftSideTexture' name='Stone' creator='eTeks' width='64.8' height='40.0' image='71'/>
    <texture attribute='rightSideTexture' name='Stone' creator='eTeks' width='64.8' height='40.0' image='71'/>
  </wall>
  <wall id='wall-2f8ee5aa-5227-45a5-84b4-202179327010' wallAtStart='wall-3fb42588-7c3f-4ae7-ac27-bc574c34d0a4' wallAtEnd='wall-7983e8d0-9bcb-4623-b9e9-6bb133d897ef' xStart='-240.39235' yStart='-207.4369' xEnd='-192.2631' yEnd='-207.4369' height='243.84' thickness='19.685' pattern='reversedHatchDown' leftSideShininess='0.25' rightSideShininess='0.25'>
    <texture attribute='leftSideTexture' name='Stone' creator='eTeks' width='64.8' height='40.0' image='71'/>
    <texture attribute='rightSideTexture' name='Stone' creator='eTeks' width='64.8' height='40.0' image='71'/>
  </wall>
  <wall id='wall-7983e8d0-9bcb-4623-b9e9-6bb133d897ef' wallAtStart='wall-2f8ee5aa-5227-45a5-84b4-202179327010' wallAtEnd='wall-2a06984f-3552-4ec7-a59e-4daaf12f479a' xStart='-192.2631' yStart='-207.4369' xEnd='143.03157' yEnd='-207.4369' height='243.84' thickness='19.685' pattern='reversedHatchDown' leftSideShininess='0.25' rightSideShininess='0.25'>
    <texture attribute='leftSideTexture' name='Stone' creator='eTeks' width='64.8' height='40.0' image='71'/>
    <texture attribute='rightSideTexture' name='Stone' creator='eTeks' width='64.8' height='40.0' image='71'/>
  </wall>
  <wall id='wall-bb47bb13-f446-4c6b-8ac6-3e4c77efcc57' wallAtEnd='wall-318c5eb7-cb87-4c21-b920-5982aec0e59c' xStart='-657.0697' yStart='-636.69666' xEnd='-657.0697' yEnd='-447.94296' height='243.84' thickness='19.685' pattern='reversedHatchDown' leftSideShininess='0.25' rightSideShininess='0.25'>
    <texture attribute='leftSideTexture' name='Stone' creator='eTeks' width='64.8' height='40.0' image='71'/>
    <texture attribute='rightSideTexture' name='Stone' creator='eTeks' width='64.8' height='40.0' image='71'/>
  </wall>
  <wall id='wall-318c5eb7-cb87-4c21-b920-5982aec0e59c' wallAtStart='wall-bb47bb13-f446-4c6b-8ac6-3e4c77efcc57' wallAtEnd='wall-633ad8a8-bd1c-41d5-8c9d-8ee31c5afc6b' xStart='-657.0697' yStart='-447.94296' xEnd='-657.0697' yEnd='-240.31386' height='243.84' thickness='19.685' pattern='reversedHatchDown' leftSideShininess='0.25' rightSideShininess='0.25'>
    <texture attribute='leftSideTexture' name='Stone' creator='eTeks' width='64.8' height='40.0' image='71'/>
    <texture attribute='rightSideTexture' name='Stone' creator='eTeks' width='64.8' height='40.0' image='71'/>
  </wall>
  <wall id='wall-827644a9-b61d-4ffe-87b6-ee986e7def7f' wallAtEnd='wall-60e7aefe-7c02-4061-8921-eb9a6d5ef332' xStart='-192.2631' yStart='-447.94296' xEnd='-269.68988' yEnd='-447.94296' height='243.84' thickness='19.685' pattern='reversedHatchDown' leftSideShininess='0.25' rightSideShininess='0.25'>
    <texture attribute='leftSideTexture' name='Stone' creator='eTeks' width='64.8' height='40.0' image='71'/>
    <texture attribute='rightSideTexture' name='Stone' creator='eTeks' width='64.8' height='40.0' image='71'/>
  </wall>
  <wall id='wall-60e7aefe-7c02-4061-8921-eb9a6d5ef332' wallAtStart='wall-827644a9-b61d-4ffe-87b6-ee986e7def7f' xStart='-269.68988' yStart='-447.94296' xEnd='-657.0697' yEnd='-447.94296' height='243.84' thickness='19.685' pattern='reversedHatchDown' leftSideShininess='0.25' rightSideShininess='0.25'>
    <texture attribute='leftSideTexture' name='Stone' creator='eTeks' width='64.8' height='40.0' image='71'/>
    <texture attribute='rightSideTexture' name='Stone' creator='eTeks' width='64.8' height='40.0' image='71'/>
  </wall>
  <wall id='wall-acbd219a-1053-415f-917a-b2633b015f7c' xStart='-269.68988' yStart='-447.94296' xEnd='-269.68988' yEnd='-740.2948' height='243.84' thickness='19.685' pattern='reversedHatchDown' leftSideShininess='0.25'>
    <texture attribute='leftSideTexture' name='Stone' creator='eTeks' width='64.8' height='40.0' image='71'/>
    <texture attribute='rightSideTexture' name='Stone' creator='eTeks' width='64.8' height='40.0' image='71'/>
  </wall>
  <room id='room-9cc1d307-c2f3-46b6-b09c-2ba1cbe50bde' areaVisible='true' ceilingFlat='true'>
    <texture attribute='floorTexture' name='WoodFloor051_1K_Color' width='20.32' height='20.32' image='70'/>
    <texture attribute='ceilingTexture' name='Plastic010_1K_Displacement' width='20.32' height='20.32' image='69'/>
    <point x='152.87407' y='-593.19916'/>
    <point x='549.1129' y='-593.19916'/>
    <point x='549.1129' y='-197.5944'/>
    <point x='152.87407' y='-197.59444'/>
  </room>
  <room id='room-f8d16e6d-cced-4a04-8816-e6b0bae4b775' areaVisible='true' ceilingFlat='true'>
    <texture attribute='floorTexture' name='WoodFloor051_1K_Color' width='20.32' height='20.32' image='70'/>
    <texture attribute='ceilingTexture' name='Plastic010_1K_Displacement' width='20.32' height='20.32' image='69'/>
    <point x='-1078.3922' y='-643.98315'/>
    <point x='-1078.3922' y='236.76175'/>
    <point x='-666.91223' y='236.76175'/>
    <point x='-666.9123' y='-643.98315'/>
  </room>
  <room id='room-29ec7b69-f560-476a-85df-dec8d7455904' areaVisible='true' ceilingFlat='true'>
    <texture attribute='floorTexture' name='WoodFloor051_1K_Color' width='20.32' height='20.32' image='70'/>
    <texture attribute='ceilingTexture' name='Plastic010_1K_Displacement' width='20.32' height='20.32' image='69'/>
    <point x='-666.9123' y='127.84311'/>
    <point x='-666.9123' y='-217.27942'/>
    <point x='359.2876' y='-217.27942'/>
    <point x='359.2876' y='118.000626'/>
  </room>
  <room id='room-c3f312ab-8249-45cc-858d-d5b9fd65317e' areaVisible='true' ceilingFlat='true'>
    <texture attribute='floorTexture' name='WoodFloor051_1K_Color' width='20.32' height='20.32' image='70'/>
    <texture attribute='ceilingTexture' name='Plastic010_1K_Displacement' width='20.32' height='20.32' image='69'/>
    <point x='-204.63187' y='-684.63916'/>
    <point x='-204.63188' y='-202.7181'/>
    <point x='152.87407' y='-202.7181'/>
    <point x='152.87407' y='-684.63916'/>
  </room>
  <room id='room-aa2f507b-094b-4866-969c-d79e3fb20437' areaVisible='true' ceilingFlat='true'>
    <texture attribute='floorTexture' name='WoodFloor051_1K_Color' width='20.32' height='20.32' image='70'/>
    <texture attribute='ceilingTexture' name='Plastic010_1K_Displacement' width='20.32' height='20.32' image='69'/>
    <point x='-362.1122' y='-438.1005'/>
    <point x='-362.54666' y='-217.2794'/>
    <point x='-192.2631' y='-217.2794'/>
    <point x='-192.26312' y='-435.7031'/>
  </room>
  <room id='room-3654eefa-ad50-4809-865e-7f859f096174' areaVisible='true' ceilingFlat='true'>
    <texture attribute='floorTexture' name='WoodFloor051_1K_Color' width='20.32' height='20.32' image='70'/>
    <texture attribute='ceilingTexture' name='Plastic010_1K_Displacement' width='20.32' height='20.32' image='69'/>
    <point x='-666.91223' y='-438.10046'/>
    <point x='-666.91223' y='-218.67416'/>
    <point x='-342.42722' y='-218.67416'/>
    <point x='-342.42722' y='-438.10046'/>
  </room>
  <room id='room-b83e3e15-e87c-4f80-8aa4-8ab596520dca' areaVisible='true' ceilingFlat='true'>
    <texture attribute='floorTexture' name='WoodFloor051_1K_Color' width='20.32' height='20.32' image='70'/>
    <texture attribute='ceilingTexture' name='Plastic010_1K_Displacement' width='20.32' height='20.32' image='69'/>
    <point x='-647.2272' y='-745.5991'/>
    <point x='-268.4497' y='-745.5991'/>
    <point x='-268.4497' y='-457.78546'/>
    <point x='-657.0697' y='-457.7855'/>
  </room>
</home>